{"results":{"current":[{"location":"773290","phrase":"CLOUDY","description":"Cloudy","temp":84,"temp_unit":"F","aptemp":90,"aptemp_unit":"F","wndchl":84,"wndchl_unit":"F","rhumid":69,"wind_dir":"SSE","windspeed":5.8,"windspeed_unit":"mi/h","pressure":"29.8","pressure_unit":"inHg","visibility":10,"visibility_unit":"mi","icon":"07","image":"https://static01.nytimes.com/images/apps/weather/7.gif","updated":"2021-07-13 05:07:44","city":"Lapu-Lapu City","state":"CEB","country":"Philippines","zipcode":"","date":"2021-07-13T05:07:44+00:00"}],"seven_day_forecast":[{"location":"773290","day":"Tuesday","icon":"06","image":"https://static01.nytimes.com/images/apps/weather/6.gif","high":88,"high_unit":"F","low":77,"low_unit":"F","phrase":"Plenty of morning clouds followed by sun and areas of high clouds","updated":"2021-07-13 05:07:44","city":"Lapu-Lapu City","state":"CEB","country":"Philippines","zipcode":"","date":"2021-07-13T07:00:00+08:00"},{"location":"773290","day":"Wednesday","icon":"15","image":"https://static01.nytimes.com/images/apps/weather/15.gif","high":89,"high_unit":"F","low":78,"low_unit":"F","phrase":"Cloudy with a thunderstorm in spots in the afternoon","updated":"2021-07-13 05:07:44","city":"Lapu-Lapu City","state":"CEB","country":"Philippines","zipcode":"","date":"2021-07-14T07:00:00+08:00"},{"location":"773290","day":"Thursday","icon":"15","image":"https://static01.nytimes.com/images/apps/weather/15.gif","high":89,"high_unit":"F","low":78,"low_unit":"F","phrase":"Cloudy with a thunderstorm in the afternoon","updated":"2021-07-13 05:07:44","city":"Lapu-Lapu City","state":"CEB","country":"Philippines","zipcode":"","date":"2021-07-15T07:00:00+08:00"},{"location":"773290","day":"Friday","icon":"12","image":"https://static01.nytimes.com/images/apps/weather/12.gif","high":89,"high_unit":"F","low":78,"low_unit":"F","phrase":"Still cloudy with a couple of showers in the afternoon","updated":"2021-07-13 05:07:44","city":"Lapu-Lapu City","state":"CEB","country":"Philippines","zipcode":"","date":"2021-07-16T07:00:00+08:00"},{"location":"773290","day":"Saturday","icon":"14","image":"https://static01.nytimes.com/images/apps/weather/14.gif","high":89,"high_unit":"F","low":78,"low_unit":"F","phrase":"Intervals of clouds and sunshine with a passing shower or two in the afternoon","updated":"2021-07-13 05:07:44","city":"Lapu-Lapu City","state":"CEB","country":"Philippines","zipcode":"","date":"2021-07-17T07:00:00+08:00"}],"is_default":false}}